Sl No. Rec no.  Easting	  Northing
  1   1  401887.32    8490063.26
  2   2  403102.96    8490621.37
  3   3  403880.98    8490441.22
  4   4  405559.55    8490363.87
  5   5  406372.35    8491374.11
  6   6  407809.77    8491733.05
  7   7  409070.10    8491965.43
  8   8  412081.64    8492259.54
  9   9  413440.93    8493467.69
 10  10  418083.58    8493890.55
 11  11  400565.00    8490910.54
 12  12  402056.51    8491565.53
 13  13  402964.23    8491404.52
 14  14  403902.13    8491844.61
 15  15  404856.73    8492152.36
 16  16  406055.84    8492507.00
 17  17  408936.97    8492959.12
 18  18  412087.42    8493918.47
 19  19  412627.98    8494226.84
 20  20  411211.36    8492940.70
 21  21  414880.66    8495714.18
 22  22  415954.85    8493113.13
 23  23  416723.88    8495460.51
 24  24  418055.73    8495766.20
 25  25  400395.96    8492206.03
 26  26  401531.32    8492474.39
 27  27  404592.58    8492904.04
 28  28  407246.65    8492752.52
 29  29  406999.05    8493558.83
 30  30  406955.18    8494370.22
 31  31  410343.97    8494831.65
 32  32  412676.21    8495737.85
 33  33  413475.00    8495923.77
 34  34  414132.12    8496541.75
 35  35  417733.19    8496586.74
 36  36  400003.54    8493063.68
 37  37  401161.34    8493442.58
 38  38  402167.61    8493739.78
 39  39  405556.03    8494390.64
 40  40  408210.88    8496283.36
 41  41  408641.64    8495628.62
 42  42  409428.22    8495359.60
 43  43  409878.31    8495810.07
 44  44  412506.90    8496578.14
 45  45  413132.39    8496841.18
 46  46  416516.35    8497624.58
 47  47  417906.96    8497915.45
 48  48  399601.74    8494045.15
 49  49  400800.62    8494807.50
 50  50  401665.03    8494602.08
 51  51  403992.16    8493409.73
 52  52  404138.71    8495858.47
 53  53  405107.42    8495697.07
 54  54  406583.41    8495944.77
 55  55  406666.70    8496732.61
 56  56  410106.93    8496886.42
 57  57  410623.76    8497418.63
 58  58  413138.28    8497693.54
 59  59  415010.78    8498341.47
 60  60  415815.87    8498946.41
 61  61  417370.13    8499205.47
 62  62  399403.14    8495382.89
 63  63  400404.64    8495577.38
 64  64  402306.49    8496138.14
 65  65  403674.50    8496654.28
 66  66  410020.26    8497494.17
 67  67  410330.42    8498264.12
 68  68  411966.84    8498590.61
 69  69  413591.54    8499445.98
 70  70  414719.64    8499564.69
 71  71  415775.86    8499941.77
 72  72  399150.95    8496394.79
 73  73  401450.38    8497005.55
 74  74  402329.39    8497559.29
 75  75  403196.50    8497744.57
 76  76  404816.16    8498375.72
 77  77  405572.58    8497459.07
 78  78  406466.88    8498479.38
 79  79  407582.45    8498827.22
 80  80  409979.30    8499364.33
 81  81  410229.16    8498993.21
 82  82  410807.60    8499700.55
 83  83  412269.85    8500534.70
 84  84  414388.71    8500792.20
 85  85  414999.82    8500566.07
 86  86  416901.22    8501202.11
 87  87  398713.60    8497408.85
 88  88  399907.42    8497729.07
 89  89  400522.51    8498360.67
 90  90  401832.42    8498324.38
 91  91  403591.53    8498725.67
 92  92  405363.35    8499453.10
 93  93  406092.42    8499171.85
 94  94  408423.09    8500857.05
 95  95  409637.12    8500528.12
 96  96  410825.13    8500727.26
 97  97  413155.33    8501787.47
 98  98  413951.63    8501832.08
 99  99  403680.74    8511227.42
100 100  401586.01    8499772.01
101 101  403985.96    8500154.77
102 102  406445.89    8500548.67
103 103  408871.55    8501460.50
104 104  409500.76    8501514.75
105 105  410404.28    8501879.23
106 106  411539.40    8502511.22
107 107  414885.24    8503229.64
108 108  398832.21    8498948.85
109 109  399706.99    8499722.60
110 110  400249.69    8500269.00
111 111  401348.85    8500714.85
112 112  403061.55    8500775.77
113 113  405476.16    8501692.80
114 114  407331.23    8500035.56
115 115  408505.66    8502825.02
116 116  409924.52    8502567.00
117 117  411823.34    8503969.10
118 118  412460.88    8503641.96
119 119  412941.32    8504078.69
120 120  414646.95    8504255.88
121 121  415564.85    8504420.96
122 122  397877.65    8500965.47
123 123  398859.33    8501525.62
124 124  400057.54    8501487.07
125 125  400828.13    8501563.92
126 126  402062.43    8502135.36
127 127  404480.29    8502438.06
128 128  405375.75    8502836.60
129 129  406603.84    8503121.30
130 130  407205.39    8503942.85
131 131  409581.26    8503460.90
132 132  409887.55    8503995.27
133 133  411582.21    8504702.98
134 134  413984.86    8505934.89
135 135  415026.93    8505445.88
136 136  397874.75    8501950.84
137 137  398641.48    8502146.49
138 138  400728.61    8502815.75
139 139  401935.99    8503028.87
140 140  402932.11    8503363.54
141 141  404455.49    8503101.91
142 142  407178.66    8504826.42
143 143  408328.43    8505009.30
144 144  409792.76    8505047.85
145 145  411302.09    8505938.41
146 146  412268.81    8505766.23
147 147  415385.98    8507369.92
148 148  397263.65    8502889.60
149 149  399345.06    8503319.25
150 150  400602.96    8503820.20
151 151  401718.19    8504138.09
152 152  402765.83    8504467.59
153 153  403040.43    8503850.16
154 154  405480.68    8505004.58
155 155  406482.61    8505511.12
156 156  407740.11    8505750.58
157 157  411177.91    8506839.62
158 158  412509.50    8507133.41
159 159  413248.10    8507294.68
160 160  414712.48    8507937.45
161 161  397220.93    8504247.18
162 162  399027.48    8504359.06
163 163  400226.66    8504942.40
164 164  405898.76    8506526.25
165 165  407234.31    8506380.70
166 166  408104.71    8506981.84
167 167  408958.34    8507513.75
168 168  409770.10    8507782.50
169 169  402742.75    8510180.27
170 170  413153.14    8508567.18
171 171  414281.47    8509063.52
172 172  396545.55    8504976.98
173 173  399279.92    8506242.34
174 174  401860.21    8506439.85
175 175  402466.12    8506892.31
176 176  405860.04    8507528.03
177 177  406755.66    8507387.65
178 178  407674.97    8508127.53
179 179  408622.30    8508458.41
180 180  413056.81    8509806.98
181 181  414283.04    8510132.20
182 182  396305.87    8506232.50
183 183  397426.27    8506560.09
184 184  398947.01    8506904.46
185 185  399286.14    8507427.03
186 186  400634.37    8507404.62
187 187  402077.57    8507679.01
188 188  402682.55    8508585.17
189 189  404776.17    8508423.83
190 190  407545.28    8509578.00
191 191  408357.98    8509568.72
192 192  409310.85    8509993.17
193 193  410466.97    8510214.32
194 194  411606.27    8510299.91
195 195  413232.47    8510750.24
196 196  396123.69    8507303.87
197 197  397088.27    8507510.14
198 198  398221.40    8507901.18
199 199  399184.90    8508341.67
200 200  401789.19    8509086.68
201 201  404622.08    8509359.74
202 202  404757.83    8509728.34
203 203  405637.45    8510063.30
204 204  409099.27    8510965.32
205 205  410113.57    8511018.78
206 206  411313.15    8511557.04
207 207  412246.65    8512156.43
208 208  413497.99    8511844.65
209 209  395677.27    8508491.48
210 210  396918.28    8508754.64
211 211  398773.35    8509583.59
212 212  400730.44    8509751.39
213 213  401741.24    8510363.58
214 214  403141.25    8510650.49
215 215  404625.49    8510592.26
216 216  406330.16    8511203.03
217 217  407529.77    8511728.43
218 218  408781.53    8512023.43
219 219  409910.77    8512318.94
220 220  410863.44    8512602.30
221 221  413210.64    8513276.80
222 222  395333.85    8509793.33
223 223  397554.15    8510178.15
224 224  398810.84    8510403.38
225 225  399773.69    8510541.04
226 226  400823.59    8511022.11
227 227  401704.41    8511386.65
228 228  402770.34    8511743.26
229 229  404608.04    8511524.92
230 230  405063.57    8512297.30
231 231  407809.82    8513082.22
232 232  409021.96    8513092.69
233 233  409769.45    8513692.46
234 234  410766.04    8513957.00
235 235  395199.66    8510600.36
236 236  395936.18    8510809.78
237 237  397322.86    8511149.54
238 238  398289.57    8511413.86
239 239  399287.59    8512010.18
240 240  401646.44    8512426.37
241 241  403915.47    8513051.05
242 242  404416.72    8513108.72
243 243  406394.96    8513617.53
244 244  407159.67    8514040.65
245 245  408327.52    8514325.39
246 246  410368.28    8514858.65
247 247  411515.24    8515143.98
248 248  412563.93    8515448.40
249 249  394909.48    8511928.81
250 250  396898.56    8512251.35
251 251  397920.47    8512609.49
252 252  400451.87    8513158.84
253 253  400924.68    8513449.87
254 254  403408.47    8514061.39
255 255  407861.17    8515344.21
256 256  408999.33    8515627.26
257 257  409993.90    8515904.78
258 258  411149.10    8516245.58
259 259  412268.87    8516516.97
260 260  395535.02    8513070.06
261 261  396616.66    8513286.11
262 262  398744.10    8514060.50
263 263  399953.88    8514287.99
264 264  401003.09    8514609.13
265 265  401975.44    8515031.95
266 266  403223.13    8515186.26
267 267  404197.97    8515621.84
268 268  408411.40    8516602.07
269 269  410773.84    8517136.79
270 270  412378.57    8517784.59
271 271  393883.75    8513320.33
272 272  395309.77    8514055.75
273 273  396393.93    8514471.24
274 274  397518.84    8514643.21
275 275  398743.56    8515265.05
276 276  399396.40    8515205.77
277 277  403037.46    8516265.50
278 278  393914.16    8514952.69
279 279  395087.19    8515068.81
280 280  397147.32    8515877.93
281 281  398245.86    8516158.11
282 282  399647.97    8516724.01
283 283  400443.77    8517050.96
284 284  401790.18    8517091.29
285 285  410148.77    8495397.69
286 286  402878.33    8511003.60
287 287  405747.43    8511445.01
288 288  404924.42    8500358.13
289 289  406011.88    8500919.58
